cd_setor;cep;cod_uf;sigla_uf;nm_uf;cod_municipio;nm_municipio;area_km2;cep_inicial_setor;cep_final_setor;faixa_cep_setor;qtd_ceps_no_setor;qtd_setores_no_cep;qtd_enderecos_setor_cep;qtd_logradouros_distintos_setor_cep;total_enderecos_no_setor;total_enderecos_no_cep;pct_enderecos_do_setor_no_cep;pct_enderecos_do_cep_no_setor;tem_renda;renda_v06001;renda_v06002;renda_v06003;renda_v06004;renda_v06005
354390705000002;13500144;35;SP;São Paulo;3543907;Rio Claro;0.126131547939069;13500040;13500380;13500040 - 13500380;11;1;86;1;476;86;0.18067227;1.0;1;188.0;403.0;1.3;5350.85;39351392.7
354390705000002;13500360;35;SP;São Paulo;3543907;Rio Claro;0.126131547939069;13500040;13500380;13500040 - 13500380;11;3;80;1;476;141;0.16806723;0.56737589;1;188.0;403.0;1.3;5350.85;39351392.7
354390705000002;13500050;35;SP;São Paulo;3543907;Rio Claro;0.126131547939069;13500040;13500380;13500040 - 13500380;11;1;67;1;476;67;0.1407563;1.0;1;188.0;403.0;1.3;5350.85;39351392.7
354390705000002;13500350;35;SP;São Paulo;3543907;Rio Claro;0.126131547939069;13500040;13500380;13500040 - 13500380;11;3;57;1;476;130;0.1197479;0.43846154;1;188.0;403.0;1.3;5350.85;39351392.7
354390705000002;13500090;35;SP;São Paulo;3543907;Rio Claro;0.126131547939069;13500040;13500380;13500040 - 13500380;11;3;36;1;476;73;0.07563025;0.49315068;1;188.0;403.0;1.3;5350.85;39351392.7
354390705000002;13500145;35;SP;São Paulo;3543907;Rio Claro;0.126131547939069;13500040;13500380;13500040 - 13500380;11;1;35;1;476;35;0.07352941;1.0;1;188.0;403.0;1.3;5350.85;39351392.7
354390705000002;13500143;35;SP;São Paulo;3543907;Rio Claro;0.126131547939069;13500040;13500380;13500040 - 13500380;11;1;29;1;476;29;0.06092437;1.0;1;188.0;403.0;1.3;5350.85;39351392.7
354390705000002;13500370;35;SP;São Paulo;3543907;Rio Claro;0.126131547939069;13500040;13500380;13500040 - 13500380;11;4;29;1;476;136;0.06092437;0.21323529;1;188.0;403.0;1.3;5350.85;39351392.7
354390705000002;13500040;35;SP;São Paulo;3543907;Rio Claro;0.126131547939069;13500040;13500380;13500040 - 13500380;11;1;24;1;476;24;0.05042017;1.0;1;188.0;403.0;1.3;5350.85;39351392.7
354390705000002;13500100;35;SP;São Paulo;3543907;Rio Claro;0.126131547939069;13500040;13500380;13500040 - 13500380;11;3;24;1;476;178;0.05042017;0.13483146;1;188.0;403.0;1.3;5350.85;39351392.7
354390705000002;13500380;35;SP;São Paulo;3543907;Rio Claro;0.126131547939069;13500040;13500380;13500040 - 13500380;11;3;9;1;476;109;0.01890756;0.08256881;1;188.0;403.0;1.3;5350.85;39351392.7
354390705000003;13500100;35;SP;São Paulo;3543907;Rio Claro;0.100010252114546;13500090;13500370;13500090 - 13500370;9;3;108;1;427;178;0.2529274;0.60674157;1;267.0;619.0;1.29;5072.59;26521281.63
354390705000003;13500110;35;SP;São Paulo;3543907;Rio Claro;0.100010252114546;13500090;13500370;13500090 - 13500370;9;2;68;1;427;119;0.15925059;0.57142857;1;267.0;619.0;1.29;5072.59;26521281.63
354390705000003;13500340;35;SP;São Paulo;3543907;Rio Claro;0.100010252114546;13500090;13500370;13500090 - 13500370;9;2;59;1;427;80;0.1381733;0.7375;1;267.0;619.0;1.29;5072.59;26521281.63
354390705000003;13500350;35;SP;São Paulo;3543907;Rio Claro;0.100010252114546;13500090;13500370;13500090 - 13500370;9;3;50;1;427;130;0.11709602;0.38461538;1;267.0;619.0;1.29;5072.59;26521281.63
354390705000003;13500360;35;SP;São Paulo;3543907;Rio Claro;0.100010252114546;13500090;13500370;13500090 - 13500370;9;3;37;1;427;141;0.08665105;0.26241135;1;267.0;619.0;1.29;5072.59;26521281.63
354390705000003;13500120;35;SP;São Paulo;3543907;Rio Claro;0.100010252114546;13500090;13500370;13500090 - 13500370;9;2;30;1;427;68;0.07025761;0.44117647;1;267.0;619.0;1.29;5072.59;26521281.63
354390705000003;13500330;35;SP;São Paulo;3543907;Rio Claro;0.100010252114546;13500090;13500370;13500090 - 13500370;9;2;28;1;427;64;0.06557377;0.4375;1;267.0;619.0;1.29;5072.59;26521281.63
354390705000003;13500370;35;SP;São Paulo;3543907;Rio Claro;0.100010252114546;13500090;13500370;13500090 - 13500370;9;4;27;1;427;136;0.06323185;0.19852941;1;267.0;619.0;1.29;5072.59;26521281.63
354390705000003;13500090;35;SP;São Paulo;3543907;Rio Claro;0.100010252114546;13500090;13500370;13500090 - 13500370;9;3;20;1;427;73;0.04683841;0.2739726;1;267.0;619.0;1.29;5072.59;26521281.63
354390705000004;13500392;35;SP;São Paulo;3543907;Rio Claro;0.112064850513759;13500090;13500505;13500090 - 13500505;10;1;118;1;436;118;0.2706422;1.0;1;243.0;520.0;1.27;4804.89;64745880.03
354390705000004;13500380;35;SP;São Paulo;3543907;Rio Claro;0.112064850513759;13500090;13500505;13500090 - 13500505;10;3;77;1;436;109;0.1766055;0.70642202;1;243.0;520.0;1.27;4804.89;64745880.03
354390705000004;13500110;35;SP;São Paulo;3543907;Rio Claro;0.112064850513759;13500090;13500505;13500090 - 13500505;10;2;51;1;436;119;0.11697248;0.42857143;1;243.0;520.0;1.27;4804.89;64745880.03
354390705000004;13500402;35;SP;São Paulo;3543907;Rio Claro;0.112064850513759;13500090;13500505;13500090 - 13500505;10;1;51;2;436;51;0.11697248;1.0;1;243.0;520.0;1.27;4804.89;64745880.03
354390705000004;13500100;35;SP;São Paulo;3543907;Rio Claro;0.112064850513759;13500090;13500505;13500090 - 13500505;10;3;46;1;436;178;0.10550459;0.25842697;1;243.0;520.0;1.27;4804.89;64745880.03
354390705000004;13500120;35;SP;São Paulo;3543907;Rio Claro;0.112064850513759;13500090;13500505;13500090 - 13500505;10;2;38;1;436;68;0.08715596;0.55882353;1;243.0;520.0;1.27;4804.89;64745880.03
354390705000004;13500370;35;SP;São Paulo;3543907;Rio Claro;0.112064850513759;13500090;13500505;13500090 - 13500505;10;4;21;1;436;136;0.04816514;0.15441176;1;243.0;520.0;1.27;4804.89;64745880.03
354390705000004;13500090;35;SP;São Paulo;3543907;Rio Claro;0.112064850513759;13500090;13500505;13500090 - 13500505;10;3;17;1;436;73;0.03899083;0.23287671;1;243.0;520.0;1.27;4804.89;64745880.03
354390705000004;13500130;35;SP;São Paulo;3543907;Rio Claro;0.112064850513759;13500090;13500505;13500090 - 13500505;10;2;15;1;436;21;0.03440367;0.71428571;1;243.0;520.0;1.27;4804.89;64745880.03
354390705000004;13500505;35;SP;São Paulo;3543907;Rio Claro;0.112064850513759;13500090;13500505;13500090 - 13500505;10;3;2;1;436;33;0.00458716;0.06060606;1;243.0;520.0;1.27;4804.89;64745880.03
354390705000006;13500190;35;SP;São Paulo;3543907;Rio Claro;0.161551576978916;13500180;13503210;13500180 - 13503210;16;1;127;1;479;127;0.2651357;1.0;1;145.0;317.0;1.74;5490.74;36015547.55
354390705000006;13500420;35;SP;São Paulo;3543907;Rio Claro;0.161551576978916;13500180;13503210;13500180 - 13503210;16;3;75;1;479;175;0.1565762;0.42857143;1;145.0;317.0;1.74;5490.74;36015547.55
354390705000006;13500180;35;SP;São Paulo;3543907;Rio Claro;0.161551576978916;13500180;13503210;13500180 - 13503210;16;3;37;1;479;130;0.07724426;0.28461538;1;145.0;317.0;1.74;5490.74;36015547.55
354390705000006;13500410;35;SP;São Paulo;3543907;Rio Claro;0.161551576978916;13500180;13503210;13500180 - 13503210;16;3;36;1;479;89;0.07515658;0.40449438;1;145.0;317.0;1.74;5490.74;36015547.55
354390705000006;13500200;35;SP;São Paulo;3543907;Rio Claro;0.161551576978916;13500180;13503210;13500180 - 13503210;16;2;34;1;479;69;0.07098121;0.49275362;1;145.0;317.0;1.74;5490.74;36015547.55
354390705000006;13500401;35;SP;São Paulo;3543907;Rio Claro;0.161551576978916;13500180;13503210;13500180 - 13503210;16;1;34;1;479;34;0.07098121;1.0;1;145.0;317.0;1.74;5490.74;36015547.55
354390705000006;13500430;35;SP;São Paulo;3543907;Rio Claro;0.161551576978916;13500180;13503210;13500180 - 13503210;16;4;33;1;479;101;0.06889353;0.32673267;1;145.0;317.0;1.74;5490.74;36015547.55
354390705000006;13500181;35;SP;São Paulo;3543907;Rio Claro;0.161551576978916;13500180;13503210;13500180 - 13503210;16;2;25;1;479;48;0.05219207;0.52083333;1;145.0;317.0;1.74;5490.74;36015547.55
354390705000006;13500505;35;SP;São Paulo;3543907;Rio Claro;0.161551576978916;13500180;13503210;13500180 - 13503210;16;3;20;1;479;33;0.04175365;0.60606061;1;145.0;317.0;1.74;5490.74;36015547.55
354390705000006;13500440;35;SP;São Paulo;3543907;Rio Claro;0.161551576978916;13500180;13503210;13500180 - 13503210;16;4;18;1;479;122;0.03757829;0.14754098;1;145.0;317.0;1.74;5490.74;36015547.55
354390705000006;13500450;35;SP;São Paulo;3543907;Rio Claro;0.161551576978916;13500180;13503210;13500180 - 13503210;16;4;17;1;479;107;0.03549061;0.1588785;1;145.0;317.0;1.74;5490.74;36015547.55
354390705000006;13500210;35;SP;São Paulo;3543907;Rio Claro;0.161551576978916;13500180;13503210;13500180 - 13503210;16;2;7;1;479;181;0.01461378;0.03867403;1;145.0;317.0;1.74;5490.74;36015547.55
354390705000006;13500421;35;SP;São Paulo;3543907;Rio Claro;0.161551576978916;13500180;13503210;13500180 - 13503210;16;1;6;2;479;6;0.0125261;1.0;1;145.0;317.0;1.74;5490.74;36015547.55
354390705000006;13500460;35;SP;São Paulo;3543907;Rio Claro;0.161551576978916;13500180;13503210;13500180 - 13503210;16;4;4;1;479;66;0.00835073;0.06060606;1;145.0;317.0;1.74;5490.74;36015547.55
354390705000006;13503210;35;SP;São Paulo;3543907;Rio Claro;0.161551576978916;13500180;13503210;13500180 - 13503210;16;1;4;1;479;4;0.00835073;1.0;1;145.0;317.0;1.74;5490.74;36015547.55
354390705000006;13500411;35;SP;São Paulo;3543907;Rio Claro;0.161551576978916;13500180;13503210;13500180 - 13503210;16;1;2;1;479;2;0.00417537;1.0;1;145.0;317.0;1.74;5490.74;36015547.55
354390705000007;13500170;35;SP;São Paulo;3543907;Rio Claro;0.119819798836335;13500160;13506240;13500160 - 13506240;13;2;235;1;581;414;0.40447504;0.56763285;1;270.0;531.0;1.18;6180.72;50169017.38
354390705000007;13500420;35;SP;São Paulo;3543907;Rio Claro;0.119819798836335;13500160;13506240;13500160 - 13506240;13;3;73;1;581;175;0.12564544;0.41714286;1;270.0;531.0;1.18;6180.72;50169017.38
354390705000007;13500171;35;SP;São Paulo;3543907;Rio Claro;0.119819798836335;13500160;13506240;13500160 - 13506240;13;2;49;1;581;50;0.08433735;0.98;1;270.0;531.0;1.18;6180.72;50169017.38
354390705000007;13500180;35;SP;São Paulo;3543907;Rio Claro;0.119819798836335;13500160;13506240;13500160 - 13506240;13;3;38;1;581;130;0.06540448;0.29230769;1;270.0;531.0;1.18;6180.72;50169017.38
354390705000007;13500161;35;SP;São Paulo;3543907;Rio Claro;0.119819798836335;13500160;13506240;13500160 - 13506240;13;2;35;1;581;74;0.06024096;0.47297297;1;270.0;531.0;1.18;6180.72;50169017.38
354390705000007;13500450;35;SP;São Paulo;3543907;Rio Claro;0.119819798836335;13500160;13506240;13500160 - 13506240;13;4;25;1;581;107;0.04302926;0.23364486;1;270.0;531.0;1.18;6180.72;50169017.38
354390705000007;13500181;35;SP;São Paulo;3543907;Rio Claro;0.119819798836335;13500160;13506240;13500160 - 13506240;13;2;23;1;581;48;0.03958692;0.47916667;1;270.0;531.0;1.18;6180.72;50169017.38
354390705000007;13500460;35;SP;São Paulo;3543907;Rio Claro;0.119819798836335;13500160;13506240;13500160 - 13506240;13;4;23;1;581;66;0.03958692;0.34848485;1;270.0;531.0;1.18;6180.72;50169017.38
354390705000007;13500410;35;SP;São Paulo;3543907;Rio Claro;0.119819798836335;13500160;13506240;13500160 - 13506240;13;3;20;1;581;89;0.03442341;0.2247191;1;270.0;531.0;1.18;6180.72;50169017.38
354390705000007;13500160;35;SP;São Paulo;3543907;Rio Claro;0.119819798836335;13500160;13506240;13500160 - 13506240;13;3;18;1;581;89;0.03098107;0.20224719;1;270.0;531.0;1.18;6180.72;50169017.38
354390705000007;13500430;35;SP;São Paulo;3543907;Rio Claro;0.119819798836335;13500160;13506240;13500160 - 13506240;13;4;18;1;581;101;0.03098107;0.17821782;1;270.0;531.0;1.18;6180.72;50169017.38
354390705000007;13500440;35;SP;São Paulo;3543907;Rio Claro;0.119819798836335;13500160;13506240;13500160 - 13506240;13;4;14;1;581;122;0.02409639;0.1147541;1;270.0;531.0;1.18;6180.72;50169017.38
354390705000007;13506240;35;SP;São Paulo;3543907;Rio Claro;0.119819798836335;13500160;13506240;13500160 - 13506240;13;2;10;1;581;33;0.0172117;0.3030303;1;270.0;531.0;1.18;6180.72;50169017.38
354390705000008;13500170;35;SP;São Paulo;3543907;Rio Claro;0.136246943153364;13500160;13506240;13500160 - 13506240;12;2;179;1;508;414;0.3523622;0.43236715;1;215.0;436.0;1.08;6830.78;49538017.64
354390705000008;13500370;35;SP;São Paulo;3543907;Rio Claro;0.136246943153364;13500160;13506240;13500160 - 13506240;12;4;59;1;508;136;0.11614173;0.43382353;1;215.0;436.0;1.08;6830.78;49538017.64
354390705000008;13500180;35;SP;São Paulo;3543907;Rio Claro;0.136246943153364;13500160;13506240;13500160 - 13506240;12;3;55;1;508;130;0.10826772;0.42307692;1;215.0;436.0;1.08;6830.78;49538017.64
354390705000008;13500160;35;SP;São Paulo;3543907;Rio Claro;0.136246943153364;13500160;13506240;13500160 - 13506240;12;3;48;1;508;89;0.09448819;0.53932584;1;215.0;436.0;1.08;6830.78;49538017.64
354390705000008;13500330;35;SP;São Paulo;3543907;Rio Claro;0.136246943153364;13500160;13506240;13500160 - 13506240;12;2;36;1;508;64;0.07086614;0.5625;1;215.0;436.0;1.08;6830.78;49538017.64
354390705000008;13500360;35;SP;São Paulo;3543907;Rio Claro;0.136246943153364;13500160;13506240;13500160 - 13506240;12;3;24;1;508;141;0.04724409;0.17021277;1;215.0;436.0;1.08;6830.78;49538017.64
354390705000008;13500350;35;SP;São Paulo;3543907;Rio Claro;0.136246943153364;13500160;13506240;13500160 - 13506240;12;3;23;1;508;130;0.04527559;0.17692308;1;215.0;436.0;1.08;6830.78;49538017.64
354390705000008;13500380;35;SP;São Paulo;3543907;Rio Claro;0.136246943153364;13500160;13506240;13500160 - 13506240;12;3;23;1;508;109;0.04527559;0.21100917;1;215.0;436.0;1.08;6830.78;49538017.64
354390705000008;13506240;35;SP;São Paulo;3543907;Rio Claro;0.136246943153364;13500160;13506240;13500160 - 13506240;12;2;23;1;508;33;0.04527559;0.6969697;1;215.0;436.0;1.08;6830.78;49538017.64
354390705000008;13500340;35;SP;São Paulo;3543907;Rio Claro;0.136246943153364;13500160;13506240;13500160 - 13506240;12;2;21;1;508;80;0.04133858;0.2625;1;215.0;436.0;1.08;6830.78;49538017.64
354390705000008;13500391;35;SP;São Paulo;3543907;Rio Claro;0.136246943153364;13500160;13506240;13500160 - 13506240;12;1;11;1;508;11;0.02165354;1.0;1;215.0;436.0;1.08;6830.78;49538017.64
354390705000008;13500390;35;SP;São Paulo;3543907;Rio Claro;0.136246943153364;13500160;13506240;13500160 - 13506240;12;1;6;1;508;6;0.01181102;1.0;1;215.0;436.0;1.08;6830.78;49538017.64
354390705000015;13503255;35;SP;São Paulo;3543907;Rio Claro;0.175695333142504;13500130;13503400;13500130 - 13503400;13;1;128;1;445;128;0.28764045;1.0;1;298.0;732.0;1.16;4288.69;19253476.98
354390705000015;13503280;35;SP;São Paulo;3543907;Rio Claro;0.175695333142504;13500130;13503400;13500130 - 13503400;13;1;70;2;445;70;0.15730337;1.0;1;298.0;732.0;1.16;4288.69;19253476.98
354390705000015;13503290;35;SP;São Paulo;3543907;Rio Claro;0.175695333142504;13500130;13503400;13500130 - 13503400;13;1;54;1;445;54;0.12134831;1.0;1;298.0;732.0;1.16;4288.69;19253476.98
354390705000015;13503256;35;SP;São Paulo;3543907;Rio Claro;0.175695333142504;13500130;13503400;13500130 - 13503400;13;1;42;1;445;42;0.09438202;1.0;1;298.0;732.0;1.16;4288.69;19253476.98
354390705000015;13503270;35;SP;São Paulo;3543907;Rio Claro;0.175695333142504;13500130;13503400;13500130 - 13503400;13;1;40;1;445;40;0.08988764;1.0;1;298.0;732.0;1.16;4288.69;19253476.98
354390705000015;13503390;35;SP;São Paulo;3543907;Rio Claro;0.175695333142504;13500130;13503400;13500130 - 13503400;13;1;33;1;445;33;0.0741573;1.0;1;298.0;732.0;1.16;4288.69;19253476.98
354390705000015;13503300;35;SP;São Paulo;3543907;Rio Claro;0.175695333142504;13500130;13503400;13500130 - 13503400;13;2;20;1;445;148;0.04494382;0.13513514;1;298.0;732.0;1.16;4288.69;19253476.98
354390705000015;13503254;35;SP;São Paulo;3543907;Rio Claro;0.175695333142504;13500130;13503400;13500130 - 13503400;13;1;18;1;445;18;0.04044944;1.0;1;298.0;732.0;1.16;4288.69;19253476.98
354390705000015;13503260;35;SP;São Paulo;3543907;Rio Claro;0.175695333142504;13500130;13503400;13500130 - 13503400;13;1;15;1;445;15;0.03370787;1.0;1;298.0;732.0;1.16;4288.69;19253476.98
354390705000015;13503253;35;SP;São Paulo;3543907;Rio Claro;0.175695333142504;13500130;13503400;13500130 - 13503400;13;1;8;1;445;8;0.01797753;1.0;1;298.0;732.0;1.16;4288.69;19253476.98
354390705000015;13500130;35;SP;São Paulo;3543907;Rio Claro;0.175695333142504;13500130;13503400;13500130 - 13503400;13;2;6;1;445;21;0.01348315;0.28571429;1;298.0;732.0;1.16;4288.69;19253476.98
354390705000015;13503400;35;SP;São Paulo;3543907;Rio Claro;0.175695333142504;13500130;13503400;13500130 - 13503400;13;1;6;1;445;6;0.01348315;1.0;1;298.0;732.0;1.16;4288.69;19253476.98
354390705000015;13503183;35;SP;São Paulo;3543907;Rio Claro;0.175695333142504;13500130;13503400;13500130 - 13503400;13;1;5;1;445;5;0.01123596;1.0;1;298.0;732.0;1.16;4288.69;19253476.98
354390705000020;13500210;35;SP;São Paulo;3543907;Rio Claro;0.113988865556087;13500200;13500505;13500200 - 13500505;11;2;174;1;428;181;0.40654206;0.96132597;1;220.0;516.0;1.28;4489.12;24207162.28
354390705000020;13500440;35;SP;São Paulo;3543907;Rio Claro;0.113988865556087;13500200;13500505;13500200 - 13500505;11;4;48;1;428;122;0.11214953;0.39344262;1;220.0;516.0;1.28;4489.12;24207162.28
354390705000020;13500220;35;SP;São Paulo;3543907;Rio Claro;0.113988865556087;13500200;13500505;13500200 - 13500505;11;1;40;1;428;40;0.09345794;1.0;1;220.0;516.0;1.28;4489.12;24207162.28
354390705000020;13500200;35;SP;São Paulo;3543907;Rio Claro;0.113988865556087;13500200;13500505;13500200 - 13500505;11;2;35;1;428;69;0.0817757;0.50724638;1;220.0;516.0;1.28;4489.12;24207162.28
354390705000020;13500460;35;SP;São Paulo;3543907;Rio Claro;0.113988865556087;13500200;13500505;13500200 - 13500505;11;4;32;1;428;66;0.07476636;0.48484848;1;220.0;516.0;1.28;4489.12;24207162.28
354390705000020;13500470;35;SP;São Paulo;3543907;Rio Claro;0.113988865556087;13500200;13500505;13500200 - 13500505;11;1;31;1;428;31;0.07242991;1.0;1;220.0;516.0;1.28;4489.12;24207162.28
354390705000020;13500430;35;SP;São Paulo;3543907;Rio Claro;0.113988865556087;13500200;13500505;13500200 - 13500505;11;4;24;1;428;101;0.05607477;0.23762376;1;220.0;516.0;1.28;4489.12;24207162.28
354390705000020;13500450;35;SP;São Paulo;3543907;Rio Claro;0.113988865556087;13500200;13500505;13500200 - 13500505;11;4;19;1;428;107;0.04439252;0.17757009;1;220.0;516.0;1.28;4489.12;24207162.28
354390705000020;13500505;35;SP;São Paulo;3543907;Rio Claro;0.113988865556087;13500200;13500505;13500200 - 13500505;11;3;11;1;428;33;0.02570093;0.33333333;1;220.0;516.0;1.28;4489.12;24207162.28
354390705000020;13500480;35;SP;São Paulo;3543907;Rio Claro;0.113988865556087;13500200;13500505;13500200 - 13500505;11;1;9;1;428;9;0.02102804;1.0;1;220.0;516.0;1.28;4489.12;24207162.28
354390705000020;13500230;35;SP;São Paulo;3543907;Rio Claro;0.113988865556087;13500200;13500505;13500200 - 13500505;11;1;5;1;428;5;0.01168224;1.0;1;220.0;516.0;1.28;4489.12;24207162.28
354390705000024;13500150;35;SP;São Paulo;3543907;Rio Claro;0.142693073697146;13500140;13500460;13500140 - 13500460;14;1;82;1;582;82;0.14089347;1.0;1;139.0;275.0;1.63;4081.15;13924883.94
354390705000024;13500152;35;SP;São Paulo;3543907;Rio Claro;0.142693073697146;13500140;13500460;13500140 - 13500460;14;1;70;1;582;70;0.12027491;1.0;1;139.0;275.0;1.63;4081.15;13924883.94
354390705000024;13500140;35;SP;São Paulo;3543907;Rio Claro;0.142693073697146;13500140;13500460;13500140 - 13500460;14;1;54;1;582;54;0.09278351;1.0;1;139.0;275.0;1.63;4081.15;13924883.94
354390705000024;13500151;35;SP;São Paulo;3543907;Rio Claro;0.142693073697146;13500140;13500460;13500140 - 13500460;14;1;52;1;582;52;0.08934708;1.0;1;139.0;275.0;1.63;4081.15;13924883.94
354390705000024;13500141;35;SP;São Paulo;3543907;Rio Claro;0.142693073697146;13500140;13500460;13500140 - 13500460;14;1;47;1;582;47;0.08075601;1.0;1;139.0;275.0;1.63;4081.15;13924883.94
354390705000024;13500450;35;SP;São Paulo;3543907;Rio Claro;0.142693073697146;13500140;13500460;13500140 - 13500460;14;4;46;2;582;107;0.0790378;0.42990654;1;139.0;275.0;1.63;4081.15;13924883.94
354390705000024;13500440;35;SP;São Paulo;3543907;Rio Claro;0.142693073697146;13500140;13500460;13500140 - 13500460;14;4;42;2;582;122;0.07216495;0.3442623;1;139.0;275.0;1.63;4081.15;13924883.94
354390705000024;13500161;35;SP;São Paulo;3543907;Rio Claro;0.142693073697146;13500140;13500460;13500140 - 13500460;14;2;39;1;582;74;0.06701031;0.52702703;1;139.0;275.0;1.63;4081.15;13924883.94
354390705000024;13500400;35;SP;São Paulo;3543907;Rio Claro;0.142693073697146;13500140;13500460;13500140 - 13500460;14;2;34;1;582;48;0.05841924;0.70833333;1;139.0;275.0;1.63;4081.15;13924883.94
354390705000024;13500410;35;SP;São Paulo;3543907;Rio Claro;0.142693073697146;13500140;13500460;13500140 - 13500460;14;3;33;1;582;89;0.05670103;0.37078652;1;139.0;275.0;1.63;4081.15;13924883.94
354390705000024;13500420;35;SP;São Paulo;3543907;Rio Claro;0.142693073697146;13500140;13500460;13500140 - 13500460;14;3;27;1;582;175;0.04639175;0.15428571;1;139.0;275.0;1.63;4081.15;13924883.94
354390705000024;13500430;35;SP;São Paulo;3543907;Rio Claro;0.142693073697146;13500140;13500460;13500140 - 13500460;14;4;26;1;582;101;0.04467354;0.25742574;1;139.0;275.0;1.63;4081.15;13924883.94
354390705000024;13500160;35;SP;São Paulo;3543907;Rio Claro;0.142693073697146;13500140;13500460;13500140 - 13500460;14;3;23;1;582;89;0.0395189;0.25842697;1;139.0;275.0;1.63;4081.15;13924883.94
354390705000024;13500460;35;SP;São Paulo;3543907;Rio Claro;0.142693073697146;13500140;13500460;13500140 - 13500460;14;4;7;1;582;66;0.01202749;0.10606061;1;139.0;275.0;1.63;4081.15;13924883.94
354390705000051;13506809;35;SP;São Paulo;3543907;Rio Claro;0.149280996409593;13506536;13506813;13506536 - 13506813;12;1;98;1;439;98;0.22323462;1.0;1;278.0;669.0;1.49;3939.08;24607032.25
354390705000051;13506810;35;SP;São Paulo;3543907;Rio Claro;0.149280996409593;13506536;13506813;13506536 - 13506813;12;1;72;1;439;72;0.16400911;1.0;1;278.0;669.0;1.49;3939.08;24607032.25
354390705000051;13506765;35;SP;São Paulo;3543907;Rio Claro;0.149280996409593;13506536;13506813;13506536 - 13506813;12;1;41;1;439;41;0.09339408;1.0;1;278.0;669.0;1.49;3939.08;24607032.25
354390705000051;13506813;35;SP;São Paulo;3543907;Rio Claro;0.149280996409593;13506536;13506813;13506536 - 13506813;12;1;41;1;439;41;0.09339408;1.0;1;278.0;669.0;1.49;3939.08;24607032.25
354390705000051;13506785;35;SP;São Paulo;3543907;Rio Claro;0.149280996409593;13506536;13506813;13506536 - 13506813;12;1;37;1;439;37;0.08428246;1.0;1;278.0;669.0;1.49;3939.08;24607032.25
354390705000051;13506808;35;SP;São Paulo;3543907;Rio Claro;0.149280996409593;13506536;13506813;13506536 - 13506813;12;1;30;1;439;30;0.06833713;1.0;1;278.0;669.0;1.49;3939.08;24607032.25
354390705000051;13506780;35;SP;São Paulo;3543907;Rio Claro;0.149280996409593;13506536;13506813;13506536 - 13506813;12;1;29;1;439;29;0.06605923;1.0;1;278.0;669.0;1.49;3939.08;24607032.25
354390705000051;13506770;35;SP;São Paulo;3543907;Rio Claro;0.149280996409593;13506536;13506813;13506536 - 13506813;12;1;25;1;439;25;0.05694761;1.0;1;278.0;669.0;1.49;3939.08;24607032.25
354390705000051;13506760;35;SP;São Paulo;3543907;Rio Claro;0.149280996409593;13506536;13506813;13506536 - 13506813;12;1;24;1;439;24;0.0546697;1.0;1;278.0;669.0;1.49;3939.08;24607032.25
354390705000051;13506790;35;SP;São Paulo;3543907;Rio Claro;0.149280996409593;13506536;13506813;13506536 - 13506813;12;1;21;1;439;21;0.04783599;1.0;1;278.0;669.0;1.49;3939.08;24607032.25
354390705000051;13506536;35;SP;São Paulo;3543907;Rio Claro;0.149280996409593;13506536;13506813;13506536 - 13506813;12;1;16;1;439;16;0.03644647;1.0;1;278.0;669.0;1.49;3939.08;24607032.25
354390705000051;13506538;35;SP;São Paulo;3543907;Rio Claro;0.149280996409593;13506536;13506813;13506536 - 13506813;12;1;5;1;439;5;0.01138952;1.0;1;278.0;669.0;1.49;3939.08;24607032.25
354390705000103;13504605;35;SP;São Paulo;3543907;Rio Claro;0.224639153350991;13504300;13504643;13504300 - 13504643;15;1;87;1;442;87;0.19683258;1.0;1;344.0;1042.0;1.81;2175.25;1836393.13
354390705000103;13504603;35;SP;São Paulo;3543907;Rio Claro;0.224639153350991;13504300;13504643;13504300 - 13504643;15;1;77;1;442;77;0.17420814;1.0;1;344.0;1042.0;1.81;2175.25;1836393.13
354390705000103;13504310;35;SP;São Paulo;3543907;Rio Claro;0.224639153350991;13504300;13504643;13504300 - 13504643;15;1;60;1;442;60;0.13574661;1.0;1;344.0;1042.0;1.81;2175.25;1836393.13
354390705000103;13504300;35;SP;São Paulo;3543907;Rio Claro;0.224639153350991;13504300;13504643;13504300 - 13504643;15;1;52;1;442;52;0.11764706;1.0;1;344.0;1042.0;1.81;2175.25;1836393.13
354390705000103;13504311;35;SP;São Paulo;3543907;Rio Claro;0.224639153350991;13504300;13504643;13504300 - 13504643;15;1;46;1;442;46;0.1040724;1.0;1;344.0;1042.0;1.81;2175.25;1836393.13
354390705000103;13504309;35;SP;São Paulo;3543907;Rio Claro;0.224639153350991;13504300;13504643;13504300 - 13504643;15;1;43;1;442;43;0.09728507;1.0;1;344.0;1042.0;1.81;2175.25;1836393.13
354390705000103;13504643;35;SP;São Paulo;3543907;Rio Claro;0.224639153350991;13504300;13504643;13504300 - 13504643;15;1;36;1;442;36;0.08144796;1.0;1;344.0;1042.0;1.81;2175.25;1836393.13
354390705000103;13504308;35;SP;São Paulo;3543907;Rio Claro;0.224639153350991;13504300;13504643;13504300 - 13504643;15;1;20;1;442;20;0.04524887;1.0;1;344.0;1042.0;1.81;2175.25;1836393.13
354390705000103;13504624;35;SP;São Paulo;3543907;Rio Claro;0.224639153350991;13504300;13504643;13504300 - 13504643;15;1;6;2;442;6;0.01357466;1.0;1;344.0;1042.0;1.81;2175.25;1836393.13
354390705000103;13504370;35;SP;São Paulo;3543907;Rio Claro;0.224639153350991;13504300;13504643;13504300 - 13504643;15;1;4;1;442;4;0.00904977;1.0;1;344.0;1042.0;1.81;2175.25;1836393.13
354390705000103;13504360;35;SP;São Paulo;3543907;Rio Claro;0.224639153350991;13504300;13504643;13504300 - 13504643;15;1;3;1;442;3;0.00678733;1.0;1;344.0;1042.0;1.81;2175.25;1836393.13
354390705000103;13504622;35;SP;São Paulo;3543907;Rio Claro;0.224639153350991;13504300;13504643;13504300 - 13504643;15;1;3;1;442;3;0.00678733;1.0;1;344.0;1042.0;1.81;2175.25;1836393.13
354390705000103;13504380;35;SP;São Paulo;3543907;Rio Claro;0.224639153350991;13504300;13504643;13504300 - 13504643;15;1;2;1;442;2;0.00452489;1.0;1;344.0;1042.0;1.81;2175.25;1836393.13
354390705000103;13504390;35;SP;São Paulo;3543907;Rio Claro;0.224639153350991;13504300;13504643;13504300 - 13504643;15;1;2;1;442;2;0.00452489;1.0;1;344.0;1042.0;1.81;2175.25;1836393.13
354390705000103;13504617;35;SP;São Paulo;3543907;Rio Claro;0.224639153350991;13504300;13504643;13504300 - 13504643;15;1;1;1;442;1;0.00226244;1.0;1;344.0;1042.0;1.81;2175.25;1836393.13
354390705000112;13504114;35;SP;São Paulo;3543907;Rio Claro;0.142152129533173;13500171;13504185;13500171 - 13504185;12;1;126;1;426;126;0.29577465;1.0;1;258.0;609.0;1.21;4388.06;12555748.0
354390705000112;13504060;35;SP;São Paulo;3543907;Rio Claro;0.142152129533173;13500171;13504185;13500171 - 13504185;12;1;104;1;426;104;0.24413146;1.0;1;258.0;609.0;1.21;4388.06;12555748.0
354390705000112;13504071;35;SP;São Paulo;3543907;Rio Claro;0.142152129533173;13500171;13504185;13500171 - 13504185;12;1;86;3;426;86;0.20187793;1.0;1;258.0;609.0;1.21;4388.06;12555748.0
354390705000112;13504070;35;SP;São Paulo;3543907;Rio Claro;0.142152129533173;13500171;13504185;13500171 - 13504185;12;1;43;1;426;43;0.10093897;1.0;1;258.0;609.0;1.21;4388.06;12555748.0
354390705000112;13504069;35;SP;São Paulo;3543907;Rio Claro;0.142152129533173;13500171;13504185;13500171 - 13504185;12;1;18;1;426;18;0.04225352;1.0;1;258.0;609.0;1.21;4388.06;12555748.0
354390705000112;13504057;35;SP;São Paulo;3543907;Rio Claro;0.142152129533173;13500171;13504185;13500171 - 13504185;12;1;13;1;426;13;0.03051643;1.0;1;258.0;609.0;1.21;4388.06;12555748.0
354390705000112;13504111;35;SP;São Paulo;3543907;Rio Claro;0.142152129533173;13500171;13504185;13500171 - 13504185;12;1;11;1;426;11;0.0258216;1.0;1;258.0;609.0;1.21;4388.06;12555748.0
354390705000112;13504185;35;SP;São Paulo;3543907;Rio Claro;0.142152129533173;13500171;13504185;13500171 - 13504185;12;1;9;1;426;9;0.02112676;1.0;1;258.0;609.0;1.21;4388.06;12555748.0
354390705000112;13504112;35;SP;São Paulo;3543907;Rio Claro;0.142152129533173;13500171;13504185;13500171 - 13504185;12;1;7;1;426;7;0.01643192;1.0;1;258.0;609.0;1.21;4388.06;12555748.0
354390705000112;13504113;35;SP;São Paulo;3543907;Rio Claro;0.142152129533173;13500171;13504185;13500171 - 13504185;12;1;6;1;426;6;0.01408451;1.0;1;258.0;609.0;1.21;4388.06;12555748.0
354390705000112;13504015;35;SP;São Paulo;3543907;Rio Claro;0.142152129533173;13500171;13504185;13500171 - 13504185;12;1;2;1;426;2;0.00469484;1.0;1;258.0;609.0;1.21;4388.06;12555748.0
354390705000112;13500171;35;SP;São Paulo;3543907;Rio Claro;0.142152129533173;13500171;13504185;13500171 - 13504185;12;2;1;1;426;50;0.00234742;0.02;1;258.0;609.0;1.21;4388.06;12555748.0
354390705000129;13505430;35;SP;São Paulo;3543907;Rio Claro;0.260581280080213;13504227;13505820;13504227 - 13505820;16;2;134;1;491;214;0.27291242;0.62616822;1;364.0;989.0;1.66;2720.25;3303028.22
354390705000129;13504227;35;SP;São Paulo;3543907;Rio Claro;0.260581280080213;13504227;13505820;13504227 - 13505820;16;1;66;2;491;66;0.13441955;1.0;1;364.0;989.0;1.66;2720.25;3303028.22
354390705000129;13504228;35;SP;São Paulo;3543907;Rio Claro;0.260581280080213;13504227;13505820;13504227 - 13505820;16;1;44;1;491;44;0.08961303;1.0;1;364.0;989.0;1.66;2720.25;3303028.22
354390705000129;13504229;35;SP;São Paulo;3543907;Rio Claro;0.260581280080213;13504227;13505820;13504227 - 13505820;16;1;32;1;491;32;0.06517312;1.0;1;364.0;989.0;1.66;2720.25;3303028.22
354390705000129;13505570;35;SP;São Paulo;3543907;Rio Claro;0.260581280080213;13504227;13505820;13504227 - 13505820;16;1;26;1;491;26;0.05295316;1.0;1;364.0;989.0;1.66;2720.25;3303028.22
354390705000129;13505571;35;SP;São Paulo;3543907;Rio Claro;0.260581280080213;13504227;13505820;13504227 - 13505820;16;1;22;1;491;22;0.04480652;1.0;1;364.0;989.0;1.66;2720.25;3303028.22
354390705000129;13505574;35;SP;São Paulo;3543907;Rio Claro;0.260581280080213;13504227;13505820;13504227 - 13505820;16;1;21;1;491;21;0.04276986;1.0;1;364.0;989.0;1.66;2720.25;3303028.22
354390705000129;13505575;35;SP;São Paulo;3543907;Rio Claro;0.260581280080213;13504227;13505820;13504227 - 13505820;16;1;21;1;491;21;0.04276986;1.0;1;364.0;989.0;1.66;2720.25;3303028.22
354390705000129;13505572;35;SP;São Paulo;3543907;Rio Claro;0.260581280080213;13504227;13505820;13504227 - 13505820;16;1;20;1;491;20;0.0407332;1.0;1;364.0;989.0;1.66;2720.25;3303028.22
354390705000129;13505573;35;SP;São Paulo;3543907;Rio Claro;0.260581280080213;13504227;13505820;13504227 - 13505820;16;1;20;1;491;20;0.0407332;1.0;1;364.0;989.0;1.66;2720.25;3303028.22
354390705000129;13504231;35;SP;São Paulo;3543907;Rio Claro;0.260581280080213;13504227;13505820;13504227 - 13505820;16;1;19;1;491;19;0.03869654;1.0;1;364.0;989.0;1.66;2720.25;3303028.22
354390705000129;13505370;35;SP;São Paulo;3543907;Rio Claro;0.260581280080213;13504227;13505820;13504227 - 13505820;16;3;19;1;491;77;0.03869654;0.24675325;1;364.0;989.0;1.66;2720.25;3303028.22
354390705000129;13505230;35;SP;São Paulo;3543907;Rio Claro;0.260581280080213;13504227;13505820;13504227 - 13505820;16;1;18;2;491;18;0.03665988;1.0;1;364.0;989.0;1.66;2720.25;3303028.22
354390705000129;13505580;35;SP;São Paulo;3543907;Rio Claro;0.260581280080213;13504227;13505820;13504227 - 13505820;16;1;18;1;491;18;0.03665988;1.0;1;364.0;989.0;1.66;2720.25;3303028.22
354390705000129;13505450;35;SP;São Paulo;3543907;Rio Claro;0.260581280080213;13504227;13505820;13504227 - 13505820;16;1;8;1;491;8;0.01629328;1.0;1;364.0;989.0;1.66;2720.25;3303028.22
354390705000129;13505820;35;SP;São Paulo;3543907;Rio Claro;0.260581280080213;13504227;13505820;13504227 - 13505820;16;1;3;1;491;3;0.00610998;1.0;1;364.0;989.0;1.66;2720.25;3303028.22
354390705000130;13505315;35;SP;São Paulo;3543907;Rio Claro;0.16453722352815;13505300;13505430;13505300 - 13505430;14;3;98;1;476;168;0.20588235;0.58333333;1;344.0;949.0;1.98;2062.81;1330883.76
354390705000130;13505430;35;SP;São Paulo;3543907;Rio Claro;0.16453722352815;13505300;13505430;13505300 - 13505430;14;2;80;1;476;214;0.16806723;0.37383178;1;344.0;949.0;1.98;2062.81;1330883.76
354390705000130;13505305;35;SP;São Paulo;3543907;Rio Claro;0.16453722352815;13505300;13505430;13505300 - 13505430;14;2;59;1;476;97;0.12394958;0.60824742;1;344.0;949.0;1.98;2062.81;1330883.76
354390705000130;13505300;35;SP;São Paulo;3543907;Rio Claro;0.16453722352815;13505300;13505430;13505300 - 13505430;14;2;45;1;476;160;0.09453782;0.28125;1;344.0;949.0;1.98;2062.81;1330883.76
354390705000130;13505370;35;SP;São Paulo;3543907;Rio Claro;0.16453722352815;13505300;13505430;13505300 - 13505430;14;3;45;1;476;77;0.09453782;0.58441558;1;344.0;949.0;1.98;2062.81;1330883.76
354390705000130;13505360;35;SP;São Paulo;3543907;Rio Claro;0.16453722352815;13505300;13505430;13505300 - 13505430;14;1;35;1;476;35;0.07352941;1.0;1;344.0;949.0;1.98;2062.81;1330883.76
354390705000130;13505369;35;SP;São Paulo;3543907;Rio Claro;0.16453722352815;13505300;13505430;13505300 - 13505430;14;1;30;1;476;30;0.06302521;1.0;1;344.0;949.0;1.98;2062.81;1330883.76
354390705000130;13505310;35;SP;São Paulo;3543907;Rio Claro;0.16453722352815;13505300;13505430;13505300 - 13505430;14;2;28;1;476;123;0.05882353;0.22764228;1;344.0;949.0;1.98;2062.81;1330883.76
354390705000130;13505320;35;SP;São Paulo;3543907;Rio Claro;0.16453722352815;13505300;13505430;13505300 - 13505430;14;1;19;1;476;19;0.03991597;1.0;1;344.0;949.0;1.98;2062.81;1330883.76
354390705000130;13505330;35;SP;São Paulo;3543907;Rio Claro;0.16453722352815;13505300;13505430;13505300 - 13505430;14;1;18;1;476;18;0.03781513;1.0;1;344.0;949.0;1.98;2062.81;1330883.76
354390705000130;13505400;35;SP;São Paulo;3543907;Rio Claro;0.16453722352815;13505300;13505430;13505300 - 13505430;14;2;8;1;476;23;0.01680672;0.34782609;1;344.0;949.0;1.98;2062.81;1330883.76
354390705000130;13505420;35;SP;São Paulo;3543907;Rio Claro;0.16453722352815;13505300;13505430;13505300 - 13505430;14;2;5;1;476;15;0.0105042;0.33333333;1;344.0;949.0;1.98;2062.81;1330883.76
354390705000130;13505410;35;SP;São Paulo;3543907;Rio Claro;0.16453722352815;13505300;13505430;13505300 - 13505430;14;2;4;1;476;26;0.00840336;0.15384615;1;344.0;949.0;1.98;2062.81;1330883.76
354390705000130;13505380;35;SP;São Paulo;3543907;Rio Claro;0.16453722352815;13505300;13505430;13505300 - 13505430;14;2;2;1;476;34;0.00420168;0.05882353;1;344.0;949.0;1.98;2062.81;1330883.76
354390705000139;13506567;35;SP;São Paulo;3543907;Rio Claro;0.204653430493015;13505150;13506630;13505150 - 13506630;13;1;76;1;431;76;0.17633411;1.0;1;282.0;768.0;1.55;3559.5;5456108.85
354390705000139;13506568;35;SP;São Paulo;3543907;Rio Claro;0.204653430493015;13505150;13506630;13505150 - 13506630;13;1;73;2;431;73;0.16937355;1.0;1;282.0;768.0;1.55;3559.5;5456108.85
354390705000139;13506564;35;SP;São Paulo;3543907;Rio Claro;0.204653430493015;13505150;13506630;13505150 - 13506630;13;1;45;1;431;45;0.10440835;1.0;1;282.0;768.0;1.55;3559.5;5456108.85
354390705000139;13506610;35;SP;São Paulo;3543907;Rio Claro;0.204653430493015;13505150;13506630;13505150 - 13506630;13;1;41;2;431;41;0.09512761;1.0;1;282.0;768.0;1.55;3559.5;5456108.85
354390705000139;13506566;35;SP;São Paulo;3543907;Rio Claro;0.204653430493015;13505150;13506630;13505150 - 13506630;13;1;39;1;431;39;0.09048724;1.0;1;282.0;768.0;1.55;3559.5;5456108.85
354390705000139;13506590;35;SP;São Paulo;3543907;Rio Claro;0.204653430493015;13505150;13506630;13505150 - 13506630;13;1;39;2;431;39;0.09048724;1.0;1;282.0;768.0;1.55;3559.5;5456108.85
354390705000139;13506050;35;SP;São Paulo;3543907;Rio Claro;0.204653430493015;13505150;13506630;13505150 - 13506630;13;1;28;1;431;28;0.0649652;1.0;1;282.0;768.0;1.55;3559.5;5456108.85
354390705000139;13506600;35;SP;São Paulo;3543907;Rio Claro;0.204653430493015;13505150;13506630;13505150 - 13506630;13;1;26;1;431;26;0.06032483;1.0;1;282.0;768.0;1.55;3559.5;5456108.85
354390705000139;13506620;35;SP;São Paulo;3543907;Rio Claro;0.204653430493015;13505150;13506630;13505150 - 13506630;13;1;26;1;431;26;0.06032483;1.0;1;282.0;768.0;1.55;3559.5;5456108.85
354390705000139;13506630;35;SP;São Paulo;3543907;Rio Claro;0.204653430493015;13505150;13506630;13505150 - 13506630;13;1;21;1;431;21;0.0487239;1.0;1;282.0;768.0;1.55;3559.5;5456108.85
354390705000139;13506621;35;SP;São Paulo;3543907;Rio Claro;0.204653430493015;13505150;13506630;13505150 - 13506630;13;1;12;1;431;12;0.02784223;1.0;1;282.0;768.0;1.55;3559.5;5456108.85
354390705000139;13505151;35;SP;São Paulo;3543907;Rio Claro;0.204653430493015;13505150;13506630;13505150 - 13506630;13;1;4;1;431;4;0.00928074;1.0;1;282.0;768.0;1.55;3559.5;5456108.85
354390705000139;13505150;35;SP;São Paulo;3543907;Rio Claro;0.204653430493015;13505150;13506630;13505150 - 13506630;13;1;1;1;431;1;0.00232019;1.0;1;282.0;768.0;1.55;3559.5;5456108.85
354390705000155;13505300;35;SP;São Paulo;3543907;Rio Claro;0.078023261581445;13505295;13505420;13505295 - 13505420;10;2;115;2;448;160;0.25669643;0.71875;1;365.0;949.0;1.71;2554.84;3302716.6
354390705000155;13505310;35;SP;São Paulo;3543907;Rio Claro;0.078023261581445;13505295;13505420;13505295 - 13505420;10;2;95;1;448;123;0.21205357;0.77235772;1;365.0;949.0;1.71;2554.84;3302716.6
354390705000155;13505295;35;SP;São Paulo;3543907;Rio Claro;0.078023261581445;13505295;13505420;13505295 - 13505420;10;1;93;1;448;93;0.20758929;1.0;1;365.0;949.0;1.71;2554.84;3302716.6
354390705000155;13505305;35;SP;São Paulo;3543907;Rio Claro;0.078023261581445;13505295;13505420;13505295 - 13505420;10;2;38;2;448;97;0.08482143;0.39175258;1;365.0;949.0;1.71;2554.84;3302716.6
354390705000155;13505380;35;SP;São Paulo;3543907;Rio Claro;0.078023261581445;13505295;13505420;13505295 - 13505420;10;2;32;1;448;34;0.07142857;0.94117647;1;365.0;949.0;1.71;2554.84;3302716.6
354390705000155;13505410;35;SP;São Paulo;3543907;Rio Claro;0.078023261581445;13505295;13505420;13505295 - 13505420;10;2;22;1;448;26;0.04910714;0.84615385;1;365.0;949.0;1.71;2554.84;3302716.6
354390705000155;13505315;35;SP;São Paulo;3543907;Rio Claro;0.078023261581445;13505295;13505420;13505295 - 13505420;10;3;15;1;448;168;0.03348214;0.08928571;1;365.0;949.0;1.71;2554.84;3302716.6
354390705000155;13505400;35;SP;São Paulo;3543907;Rio Claro;0.078023261581445;13505295;13505420;13505295 - 13505420;10;2;15;1;448;23;0.03348214;0.65217391;1;365.0;949.0;1.71;2554.84;3302716.6
354390705000155;13505370;35;SP;São Paulo;3543907;Rio Claro;0.078023261581445;13505295;13505420;13505295 - 13505420;10;3;13;1;448;77;0.02901786;0.16883117;1;365.0;949.0;1.71;2554.84;3302716.6
354390705000155;13505420;35;SP;São Paulo;3543907;Rio Claro;0.078023261581445;13505295;13505420;13505295 - 13505420;10;2;10;1;448;15;0.02232143;0.66666667;1;365.0;949.0;1.71;2554.84;3302716.6
354390705000208;13502745;35;SP;São Paulo;3543907;Rio Claro;0.136299709737784;13500400;13502768;13500400 - 13502768;9;1;137;1;434;137;0.3156682;1.0;1;320.0;934.0;1.69;2692.74;3029801.06
354390705000208;13502746;35;SP;São Paulo;3543907;Rio Claro;0.136299709737784;13500400;13502768;13500400 - 13502768;9;1;130;1;434;130;0.29953917;1.0;1;320.0;934.0;1.69;2692.74;3029801.06
354390705000208;13502744;35;SP;São Paulo;3543907;Rio Claro;0.136299709737784;13500400;13502768;13500400 - 13502768;9;1;72;1;434;72;0.16589862;1.0;1;320.0;934.0;1.69;2692.74;3029801.06
354390705000208;13502747;35;SP;São Paulo;3543907;Rio Claro;0.136299709737784;13500400;13502768;13500400 - 13502768;9;1;54;1;434;54;0.12442396;1.0;1;320.0;934.0;1.69;2692.74;3029801.06
354390705000208;13500400;35;SP;São Paulo;3543907;Rio Claro;0.136299709737784;13500400;13502768;13500400 - 13502768;9;2;14;1;434;48;0.03225806;0.29166667;1;320.0;934.0;1.69;2692.74;3029801.06
354390705000208;13502750;35;SP;São Paulo;3543907;Rio Claro;0.136299709737784;13500400;13502768;13500400 - 13502768;9;1;13;1;434;13;0.02995392;1.0;1;320.0;934.0;1.69;2692.74;3029801.06
354390705000208;13502760;35;SP;São Paulo;3543907;Rio Claro;0.136299709737784;13500400;13502768;13500400 - 13502768;9;1;8;1;434;8;0.01843318;1.0;1;320.0;934.0;1.69;2692.74;3029801.06
354390705000208;13502768;35;SP;São Paulo;3543907;Rio Claro;0.136299709737784;13500400;13502768;13500400 - 13502768;9;1;5;1;434;5;0.01152074;1.0;1;320.0;934.0;1.69;2692.74;3029801.06
354390705000208;13502748;35;SP;São Paulo;3543907;Rio Claro;0.136299709737784;13500400;13502768;13500400 - 13502768;9;1;1;1;434;1;0.00230415;1.0;1;320.0;934.0;1.69;2692.74;3029801.06
354390705000228;13503022;35;SP;São Paulo;3543907;Rio Claro;0.348137899869071;13503010;13503200;13503010 - 13503200;13;1;126;1;518;126;0.24324324;1.0;1;295.0;731.0;1.29;4432.6;14889110.88
354390705000228;13503012;35;SP;São Paulo;3543907;Rio Claro;0.348137899869071;13503010;13503200;13503010 - 13503200;13;2;88;1;518;94;0.16988417;0.93617021;1;295.0;731.0;1.29;4432.6;14889110.88
354390705000228;13503150;35;SP;São Paulo;3543907;Rio Claro;0.348137899869071;13503010;13503200;13503010 - 13503200;13;1;48;1;518;48;0.09266409;1.0;1;295.0;731.0;1.29;4432.6;14889110.88
354390705000228;13503160;35;SP;São Paulo;3543907;Rio Claro;0.348137899869071;13503010;13503200;13503010 - 13503200;13;1;47;1;518;47;0.09073359;1.0;1;295.0;731.0;1.29;4432.6;14889110.88
354390705000228;13503151;35;SP;São Paulo;3543907;Rio Claro;0.348137899869071;13503010;13503200;13503010 - 13503200;13;1;46;1;518;46;0.08880309;1.0;1;295.0;731.0;1.29;4432.6;14889110.88
354390705000228;13503019;35;SP;São Paulo;3543907;Rio Claro;0.348137899869071;13503010;13503200;13503010 - 13503200;13;1;38;1;518;38;0.07335907;1.0;1;295.0;731.0;1.29;4432.6;14889110.88
354390705000228;13503010;35;SP;São Paulo;3543907;Rio Claro;0.348137899869071;13503010;13503200;13503010 - 13503200;13;2;34;1;518;52;0.06563707;0.65384615;1;295.0;731.0;1.29;4432.6;14889110.88
354390705000228;13503018;35;SP;São Paulo;3543907;Rio Claro;0.348137899869071;13503010;13503200;13503010 - 13503200;13;1;29;1;518;29;0.05598456;1.0;1;295.0;731.0;1.29;4432.6;14889110.88
354390705000228;13503013;35;SP;São Paulo;3543907;Rio Claro;0.348137899869071;13503010;13503200;13503010 - 13503200;13;2;22;1;518;168;0.04247104;0.13095238;1;295.0;731.0;1.29;4432.6;14889110.88
354390705000228;13503200;35;SP;São Paulo;3543907;Rio Claro;0.348137899869071;13503010;13503200;13503010 - 13503200;13;1;17;1;518;17;0.03281853;1.0;1;295.0;731.0;1.29;4432.6;14889110.88
354390705000228;13503152;35;SP;São Paulo;3543907;Rio Claro;0.348137899869071;13503010;13503200;13503010 - 13503200;13;1;12;1;518;12;0.02316602;1.0;1;295.0;731.0;1.29;4432.6;14889110.88
354390705000228;13503021;35;SP;São Paulo;3543907;Rio Claro;0.348137899869071;13503010;13503200;13503010 - 13503200;13;1;10;1;518;10;0.01930502;1.0;1;295.0;731.0;1.29;4432.6;14889110.88
354390705000228;13503111;35;SP;São Paulo;3543907;Rio Claro;0.348137899869071;13503010;13503200;13503010 - 13503200;13;1;1;1;518;1;0.0019305;1.0;1;295.0;731.0;1.29;4432.6;14889110.88
354390705000233;13503669;35;SP;São Paulo;3543907;Rio Claro;0.096361580136343;13503650;13503671;13503650 - 13503671;7;1;123;1;437;123;0.28146453;1.0;1;361.0;1075.0;1.74;1686.64;801546.2
354390705000233;13503670;35;SP;São Paulo;3543907;Rio Claro;0.096361580136343;13503650;13503671;13503650 - 13503671;7;1;108;1;437;108;0.24713959;1.0;1;361.0;1075.0;1.74;1686.64;801546.2
354390705000233;13503671;35;SP;São Paulo;3543907;Rio Claro;0.096361580136343;13503650;13503671;13503650 - 13503671;7;1;88;1;437;88;0.201373;1.0;1;361.0;1075.0;1.74;1686.64;801546.2
354390705000233;13503668;35;SP;São Paulo;3543907;Rio Claro;0.096361580136343;13503650;13503671;13503650 - 13503671;7;1;77;1;437;77;0.17620137;1.0;1;361.0;1075.0;1.74;1686.64;801546.2
354390705000233;13503654;35;SP;São Paulo;3543907;Rio Claro;0.096361580136343;13503650;13503671;13503650 - 13503671;7;1;16;1;437;16;0.03661327;1.0;1;361.0;1075.0;1.74;1686.64;801546.2
354390705000233;13503650;35;SP;São Paulo;3543907;Rio Claro;0.096361580136343;13503650;13503671;13503650 - 13503671;7;1;13;1;437;13;0.02974828;1.0;1;361.0;1075.0;1.74;1686.64;801546.2
354390705000233;13503655;35;SP;São Paulo;3543907;Rio Claro;0.096361580136343;13503650;13503671;13503650 - 13503671;7;1;12;1;437;12;0.02745995;1.0;1;361.0;1075.0;1.74;1686.64;801546.2
354390705000297;13501100;35;SP;São Paulo;3543907;Rio Claro;0.21974788416254;13501100;13501640;13501100 - 13501640;17;1;102;6;444;102;0.22972973;1.0;1;333.0;895.0;1.06;6774.73;24132665.69
354390705000297;13501630;35;SP;São Paulo;3543907;Rio Claro;0.21974788416254;13501100;13501640;13501100 - 13501640;17;1;66;5;444;66;0.14864865;1.0;1;333.0;895.0;1.06;6774.73;24132665.69
354390705000297;13501628;35;SP;São Paulo;3543907;Rio Claro;0.21974788416254;13501100;13501640;13501100 - 13501640;17;1;56;2;444;56;0.12612613;1.0;1;333.0;895.0;1.06;6774.73;24132665.69
354390705000297;13501620;35;SP;São Paulo;3543907;Rio Claro;0.21974788416254;13501100;13501640;13501100 - 13501640;17;1;41;4;444;41;0.09234234;1.0;1;333.0;895.0;1.06;6774.73;24132665.69
354390705000297;13501633;35;SP;São Paulo;3543907;Rio Claro;0.21974788416254;13501100;13501640;13501100 - 13501640;17;1;33;1;444;33;0.07432432;1.0;1;333.0;895.0;1.06;6774.73;24132665.69
354390705000297;13501105;35;SP;São Paulo;3543907;Rio Claro;0.21974788416254;13501100;13501640;13501100 - 13501640;17;1;20;2;444;20;0.04504505;1.0;1;333.0;895.0;1.06;6774.73;24132665.69
354390705000297;13501610;35;SP;São Paulo;3543907;Rio Claro;0.21974788416254;13501100;13501640;13501100 - 13501640;17;1;20;2;444;20;0.04504505;1.0;1;333.0;895.0;1.06;6774.73;24132665.69
354390705000297;13501613;35;SP;São Paulo;3543907;Rio Claro;0.21974788416254;13501100;13501640;13501100 - 13501640;17;1;20;1;444;20;0.04504505;1.0;1;333.0;895.0;1.06;6774.73;24132665.69
354390705000297;13501540;35;SP;São Paulo;3543907;Rio Claro;0.21974788416254;13501100;13501640;13501100 - 13501640;17;1;18;2;444;18;0.04054054;1.0;1;333.0;895.0;1.06;6774.73;24132665.69
354390705000297;13501625;35;SP;São Paulo;3543907;Rio Claro;0.21974788416254;13501100;13501640;13501100 - 13501640;17;1;16;1;444;16;0.03603604;1.0;1;333.0;895.0;1.06;6774.73;24132665.69
354390705000297;13501180;35;SP;São Paulo;3543907;Rio Claro;0.21974788416254;13501100;13501640;13501100 - 13501640;17;1;15;1;444;15;0.03378378;1.0;1;333.0;895.0;1.06;6774.73;24132665.69
354390705000297;13501550;35;SP;São Paulo;3543907;Rio Claro;0.21974788416254;13501100;13501640;13501100 - 13501640;17;1;15;2;444;15;0.03378378;1.0;1;333.0;895.0;1.06;6774.73;24132665.69
354390705000297;13501608;35;SP;São Paulo;3543907;Rio Claro;0.21974788416254;13501100;13501640;13501100 - 13501640;17;1;8;1;444;8;0.01801802;1.0;1;333.0;895.0;1.06;6774.73;24132665.69
354390705000297;13501520;35;SP;São Paulo;3543907;Rio Claro;0.21974788416254;13501100;13501640;13501100 - 13501640;17;1;5;1;444;5;0.01126126;1.0;1;333.0;895.0;1.06;6774.73;24132665.69
354390705000297;13501638;35;SP;São Paulo;3543907;Rio Claro;0.21974788416254;13501100;13501640;13501100 - 13501640;17;1;5;1;444;5;0.01126126;1.0;1;333.0;895.0;1.06;6774.73;24132665.69
354390705000297;13501635;35;SP;São Paulo;3543907;Rio Claro;0.21974788416254;13501100;13501640;13501100 - 13501640;17;1;2;1;444;2;0.0045045;1.0;1;333.0;895.0;1.06;6774.73;24132665.69
354390705000297;13501640;35;SP;São Paulo;3543907;Rio Claro;0.21974788416254;13501100;13501640;13501100 - 13501640;17;1;2;1;444;2;0.0045045;1.0;1;333.0;895.0;1.06;6774.73;24132665.69
354390705000305;13503013;35;SP;São Paulo;3543907;Rio Claro;0.091507610948442;13503008;13504251;13503008 - 13504251;9;2;146;1;470;168;0.3106383;0.86904762;1;384.0;929.0;1.14;6970.79;30161342.73
354390705000305;13503014;35;SP;São Paulo;3543907;Rio Claro;0.091507610948442;13503008;13504251;13503008 - 13504251;9;1;135;1;470;135;0.28723404;1.0;1;384.0;929.0;1.14;6970.79;30161342.73
354390705000305;13503050;35;SP;São Paulo;3543907;Rio Claro;0.091507610948442;13503008;13504251;13503008 - 13504251;9;1;113;1;470;113;0.24042553;1.0;1;384.0;929.0;1.14;6970.79;30161342.73
354390705000305;13504251;35;SP;São Paulo;3543907;Rio Claro;0.091507610948442;13503008;13504251;13503008 - 13504251;9;1;19;1;470;19;0.04042553;1.0;1;384.0;929.0;1.14;6970.79;30161342.73
354390705000305;13503009;35;SP;São Paulo;3543907;Rio Claro;0.091507610948442;13503008;13504251;13503008 - 13504251;9;1;18;1;470;18;0.03829787;1.0;1;384.0;929.0;1.14;6970.79;30161342.73
354390705000305;13503010;35;SP;São Paulo;3543907;Rio Claro;0.091507610948442;13503008;13504251;13503008 - 13504251;9;2;18;1;470;52;0.03829787;0.34615385;1;384.0;929.0;1.14;6970.79;30161342.73
354390705000305;13503011;35;SP;São Paulo;3543907;Rio Claro;0.091507610948442;13503008;13504251;13503008 - 13504251;9;1;8;1;470;8;0.01702128;1.0;1;384.0;929.0;1.14;6970.79;30161342.73
354390705000305;13503008;35;SP;São Paulo;3543907;Rio Claro;0.091507610948442;13503008;13504251;13503008 - 13504251;9;1;7;1;470;7;0.01489362;1.0;1;384.0;929.0;1.14;6970.79;30161342.73
354390705000305;13503012;35;SP;São Paulo;3543907;Rio Claro;0.091507610948442;13503008;13504251;13503008 - 13504251;9;2;6;1;470;94;0.01276596;0.06382979;1;384.0;929.0;1.14;6970.79;30161342.73
354390705000391;13503300;35;SP;São Paulo;3543907;Rio Claro;0.148028014715869;13503300;13504656;13503300 - 13504656;11;2;128;1;444;148;0.28828829;0.86486486;1;316.0;928.0;1.41;2455.98;3240720.98
354390705000391;13504655;35;SP;São Paulo;3543907;Rio Claro;0.148028014715869;13503300;13504656;13503300 - 13504656;11;1;74;2;444;74;0.16666667;1.0;1;316.0;928.0;1.41;2455.98;3240720.98
354390705000391;13504475;35;SP;São Paulo;3543907;Rio Claro;0.148028014715869;13503300;13504656;13503300 - 13504656;11;1;71;2;444;71;0.15990991;1.0;1;316.0;928.0;1.41;2455.98;3240720.98
354390705000391;13504656;35;SP;São Paulo;3543907;Rio Claro;0.148028014715869;13503300;13504656;13503300 - 13504656;11;1;39;1;444;39;0.08783784;1.0;1;316.0;928.0;1.41;2455.98;3240720.98
354390705000391;13504364;35;SP;São Paulo;3543907;Rio Claro;0.148028014715869;13503300;13504656;13503300 - 13504656;11;1;34;1;444;34;0.07657658;1.0;1;316.0;928.0;1.41;2455.98;3240720.98
354390705000391;13504470;35;SP;São Paulo;3543907;Rio Claro;0.148028014715869;13503300;13504656;13503300 - 13504656;11;1;31;1;444;31;0.06981982;1.0;1;316.0;928.0;1.41;2455.98;3240720.98
354390705000391;13504480;35;SP;São Paulo;3543907;Rio Claro;0.148028014715869;13503300;13504656;13503300 - 13504656;11;1;25;2;444;25;0.05630631;1.0;1;316.0;928.0;1.41;2455.98;3240720.98
354390705000391;13504478;35;SP;São Paulo;3543907;Rio Claro;0.148028014715869;13503300;13504656;13503300 - 13504656;11;1;16;1;444;16;0.03603604;1.0;1;316.0;928.0;1.41;2455.98;3240720.98
354390705000391;13504473;35;SP;São Paulo;3543907;Rio Claro;0.148028014715869;13503300;13504656;13503300 - 13504656;11;1;15;1;444;15;0.03378378;1.0;1;316.0;928.0;1.41;2455.98;3240720.98
354390705000391;13504653;35;SP;São Paulo;3543907;Rio Claro;0.148028014715869;13503300;13504656;13503300 - 13504656;11;1;10;1;444;10;0.02252252;1.0;1;316.0;928.0;1.41;2455.98;3240720.98
354390705000391;13504170;35;SP;São Paulo;3543907;Rio Claro;0.148028014715869;13503300;13504656;13503300 - 13504656;11;1;1;1;444;1;0.00225225;1.0;1;316.0;928.0;1.41;2455.98;3240720.98
354390705000447;13507012;35;SP;São Paulo;3543907;Rio Claro;0.261669292577446;13507000;13507026;13507000 - 13507026;14;1;119;1;535;119;0.22242991;1.0;1;368.0;1060.0;1.59;3653.46;7884841.2
354390705000447;13507014;35;SP;São Paulo;3543907;Rio Claro;0.261669292577446;13507000;13507026;13507000 - 13507026;14;1;112;1;535;112;0.20934579;1.0;1;368.0;1060.0;1.59;3653.46;7884841.2
354390705000447;13507010;35;SP;São Paulo;3543907;Rio Claro;0.261669292577446;13507000;13507026;13507000 - 13507026;14;1;57;1;535;57;0.10654206;1.0;1;368.0;1060.0;1.59;3653.46;7884841.2
354390705000447;13507016;35;SP;São Paulo;3543907;Rio Claro;0.261669292577446;13507000;13507026;13507000 - 13507026;14;1;53;2;535;53;0.09906542;1.0;1;368.0;1060.0;1.59;3653.46;7884841.2
354390705000447;13507008;35;SP;São Paulo;3543907;Rio Claro;0.261669292577446;13507000;13507026;13507000 - 13507026;14;1;41;1;535;41;0.07663551;1.0;1;368.0;1060.0;1.59;3653.46;7884841.2
354390705000447;13507018;35;SP;São Paulo;3543907;Rio Claro;0.261669292577446;13507000;13507026;13507000 - 13507026;14;1;35;1;535;35;0.06542056;1.0;1;368.0;1060.0;1.59;3653.46;7884841.2
354390705000447;13507000;35;SP;São Paulo;3543907;Rio Claro;0.261669292577446;13507000;13507026;13507000 - 13507026;14;1;31;1;535;31;0.05794393;1.0;1;368.0;1060.0;1.59;3653.46;7884841.2
354390705000447;13507002;35;SP;São Paulo;3543907;Rio Claro;0.261669292577446;13507000;13507026;13507000 - 13507026;14;1;23;1;535;23;0.04299065;1.0;1;368.0;1060.0;1.59;3653.46;7884841.2
354390705000447;13507006;35;SP;São Paulo;3543907;Rio Claro;0.261669292577446;13507000;13507026;13507000 - 13507026;14;1;22;1;535;22;0.0411215;1.0;1;368.0;1060.0;1.59;3653.46;7884841.2
354390705000447;13507004;35;SP;São Paulo;3543907;Rio Claro;0.261669292577446;13507000;13507026;13507000 - 13507026;14;1;14;1;535;14;0.02616822;1.0;1;368.0;1060.0;1.59;3653.46;7884841.2
354390705000447;13507024;35;SP;São Paulo;3543907;Rio Claro;0.261669292577446;13507000;13507026;13507000 - 13507026;14;1;14;1;535;14;0.02616822;1.0;1;368.0;1060.0;1.59;3653.46;7884841.2
354390705000447;13507026;35;SP;São Paulo;3543907;Rio Claro;0.261669292577446;13507000;13507026;13507000 - 13507026;14;1;10;1;535;10;0.01869159;1.0;1;368.0;1060.0;1.59;3653.46;7884841.2
354390705000447;13507020;35;SP;São Paulo;3543907;Rio Claro;0.261669292577446;13507000;13507026;13507000 - 13507026;14;1;2;1;535;2;0.00373832;1.0;1;368.0;1060.0;1.59;3653.46;7884841.2
354390705000447;13507022;35;SP;São Paulo;3543907;Rio Claro;0.261669292577446;13507000;13507026;13507000 - 13507026;14;1;2;1;535;2;0.00373832;1.0;1;368.0;1060.0;1.59;3653.46;7884841.2
354390705000471;13505552;35;SP;São Paulo;3543907;Rio Claro;0.14012014124932;13500030;13505552;13500030 - 13505552;14;1;126;1;460;126;0.27391304;1.0;1;388.0;1178.0;1.84;3667.42;56052607.07
354390705000471;13505315;35;SP;São Paulo;3543907;Rio Claro;0.14012014124932;13500030;13505552;13500030 - 13505552;14;3;55;2;460;168;0.11956522;0.32738095;1;388.0;1178.0;1.84;3667.42;56052607.07
354390705000471;13505550;35;SP;São Paulo;3543907;Rio Claro;0.14012014124932;13500030;13505552;13500030 - 13505552;14;1;49;3;460;49;0.10652174;1.0;1;388.0;1178.0;1.84;3667.42;56052607.07
354390705000471;13505494;35;SP;São Paulo;3543907;Rio Claro;0.14012014124932;13500030;13505552;13500030 - 13505552;14;1;45;1;460;45;0.09782609;1.0;1;388.0;1178.0;1.84;3667.42;56052607.07
354390705000471;13505511;35;SP;São Paulo;3543907;Rio Claro;0.14012014124932;13500030;13505552;13500030 - 13505552;14;1;40;1;460;40;0.08695652;1.0;1;388.0;1178.0;1.84;3667.42;56052607.07
354390705000471;13505495;35;SP;São Paulo;3543907;Rio Claro;0.14012014124932;13500030;13505552;13500030 - 13505552;14;1;38;1;460;38;0.0826087;1.0;1;388.0;1178.0;1.84;3667.42;56052607.07
354390705000471;13505487;35;SP;São Paulo;3543907;Rio Claro;0.14012014124932;13500030;13505552;13500030 - 13505552;14;1;35;1;460;35;0.07608696;1.0;1;388.0;1178.0;1.84;3667.42;56052607.07
354390705000471;13505533;35;SP;São Paulo;3543907;Rio Claro;0.14012014124932;13500030;13505552;13500030 - 13505552;14;1;27;1;460;27;0.05869565;1.0;1;388.0;1178.0;1.84;3667.42;56052607.07
354390705000471;13505493;35;SP;São Paulo;3543907;Rio Claro;0.14012014124932;13500030;13505552;13500030 - 13505552;14;1;21;1;460;21;0.04565217;1.0;1;388.0;1178.0;1.84;3667.42;56052607.07
354390705000471;13505534;35;SP;São Paulo;3543907;Rio Claro;0.14012014124932;13500030;13505552;13500030 - 13505552;14;1;15;1;460;15;0.0326087;1.0;1;388.0;1178.0;1.84;3667.42;56052607.07
354390705000471;13505500;35;SP;São Paulo;3543907;Rio Claro;0.14012014124932;13500030;13505552;13500030 - 13505552;14;1;5;1;460;5;0.01086957;1.0;1;388.0;1178.0;1.84;3667.42;56052607.07
354390705000471;13500030;35;SP;São Paulo;3543907;Rio Claro;0.14012014124932;13500030;13505552;13500030 - 13505552;14;1;2;1;460;2;0.00434783;1.0;1;388.0;1178.0;1.84;3667.42;56052607.07
354390705000471;13505512;35;SP;São Paulo;3543907;Rio Claro;0.14012014124932;13500030;13505552;13500030 - 13505552;14;1;1;1;460;1;0.00217391;1.0;1;388.0;1178.0;1.84;3667.42;56052607.07
354390705000471;13505541;35;SP;São Paulo;3543907;Rio Claro;0.14012014124932;13500030;13505552;13500030 - 13505552;14;1;1;1;460;1;0.00217391;1.0;1;388.0;1178.0;1.84;3667.42;56052607.07
